variant_id,gene_id,maf,pval_nominal,slope,slope_se,beta_gwas,standard_error,p_value,chromosome,base_pair_location
chr6_31215732_G_A_b38,ENSG00000234745.10,0.279851,3.73478e-08,0.140713,0.0252377,0.0949,0.0117,5.057e-16,6,31215732
chr6_31242439_C_T_b38,ENSG00000234745.10,0.404478,0.000121078,0.0947659,0.0244914,-0.2355,0.0148,2.586e-57,6,31242439
chr6_31263911_T_C_b38,ENSG00000234745.10,0.195522,1.05579e-08,0.164058,0.0282716,0.9525,0.0125,0.0,6,31263911
chr6_31265375_A_G_b38,ENSG00000234745.10,0.195522,1.05579e-08,0.164058,0.0282716,-0.1815,0.0237,1.913e-14,6,31265375
chr6_31265752_T_C_b38,ENSG00000234745.10,0.195522,1.05579e-08,0.164058,0.0282716,-0.9992,0.0127,0.0,6,31265752
chr6_31290912_C_T_b38,ENSG00000234745.10,0.0179104,7.77882e-05,-0.336068,0.0844682,0.2548,0.0109,1.92e-120,6,31290912
chr6_31302097_C_G_b38,ENSG00000234745.10,0.387313,8.7816e-06,-0.106559,0.0237647,-0.3749,0.0109,2.1299999999999998e-260,6,31302097
chr6_31305043_G_T_b38,ENSG00000234745.10,0.181343,3.24591e-09,-0.18275,0.0304144,-0.2116,0.0152,4.858e-44,6,31305043
chr6_31322217_C_A_b38,ENSG00000234745.10,0.295522,2.1437e-14,0.190891,0.0243643,0.2225,0.0261,1.486e-17,6,31322217
chr6_31323296_G_A_b38,ENSG00000234745.10,0.34403,1.1258e-09,0.151327,0.0244531,-0.3757,0.0133,8.25e-176,6,31323296
chr6_31332915_T_C_b38,ENSG00000234745.10,0.34403,1.1258e-09,0.151327,0.0244531,-0.2061,0.0135,1.991e-52,6,31332915
chr6_31333191_C_T_b38,ENSG00000234745.10,0.345522,8.00242e-10,0.151519,0.0242604,-0.169,0.0102,8.802e-62,6,31333191
chr6_31338303_C_T_b38,ENSG00000234745.10,0.45,5.69791e-11,0.156466,0.0234468,0.0919,0.01,5.548e-20,6,31338303
chr6_31339380_T_C_b38,ENSG00000234745.10,0.445522,2.11512e-11,0.16153,0.0236572,-0.2596,0.0118,1.7e-107,6,31339380
chr6_31341286_A_C_b38,ENSG00000234745.10,0.226119,8.60626e-14,0.205007,0.0268319,0.2246,0.0202,8.683e-29,6,31341286
chr6_31341578_G_A_b38,ENSG00000234745.10,0.226119,8.60626e-14,0.205007,0.0268319,-0.2931,0.0113,3.07e-147,6,31341578
chr6_31347144_A_G_b38,ENSG00000234745.10,0.296269,2.30262e-06,0.123719,0.0259304,-0.0747,0.0112,2.857e-11,6,31347144
chr6_31348936_G_A_b38,ENSG00000234745.10,0.485821,7.52513e-06,-0.105421,0.0233343,-0.1281,0.0104,1.059e-34,6,31348936
