variant_id,gene_id,maf,pval_nominal,slope,slope_se,beta_gwas,standard_error,p_value,chromosome,base_pair_location
chr6_31113275_A_G_b38,ENSG00000137310.11,0.311194,3.3006e-06,0.0896125,0.0190852,-0.2205,0.0109,4.2599999999999996e-91,6,31113275
chr6_31226698_C_T_b38,ENSG00000137310.11,0.162687,6.48885e-09,0.141171,0.0239737,-0.2853,0.0117,8.980000000000001e-132,6,31226698
chr6_31231989_G_A_b38,ENSG00000137310.11,0.388806,0.000202167,0.0679045,0.0181594,0.4936,0.0101,0.0,6,31231989
chr6_31276659_C_G_b38,ENSG00000137310.11,0.126866,8.45563e-17,0.222175,0.0259106,-0.2665,0.0323,1.642e-16,6,31276659
chr6_31291191_G_A_b38,ENSG00000137310.11,0.335821,1.29119e-07,0.100128,0.0187354,0.365,0.0114,3.84e-224,6,31291191
chr6_31306916_G_A_b38,ENSG00000137310.11,0.458209,0.000228036,0.0636883,0.0171747,-0.1991,0.0281,1.328e-12,6,31306916
chr6_31321807_A_G_b38,ENSG00000137310.11,0.360448,7.20031e-05,0.074515,0.0186406,0.1741,0.0147,2.727e-32,6,31321807
chr6_31321883_A_G_b38,ENSG00000137310.11,0.360448,7.20031e-05,0.074515,0.0186406,0.3566,0.0142,1.49e-139,6,31321883
chr6_31322688_T_C_b38,ENSG00000137310.11,0.360448,7.20031e-05,0.074515,0.0186406,0.2016,0.0106,1.975e-80,6,31322688
chr6_31322690_A_G_b38,ENSG00000137310.11,0.360448,7.20031e-05,0.074515,0.0186406,-1.2497,0.0196,0.0,6,31322690
chr6_31348936_G_A_b38,ENSG00000137310.11,0.485821,3.25188e-05,0.0740603,0.0176886,-0.1281,0.0104,1.059e-34,6,31348936
chr6_31350802_G_A_b38,ENSG00000137310.11,0.273134,3.47147e-08,0.112597,0.0201466,0.0676,0.0114,2.816e-09,6,31350802
