variant_id,gene_id,tss_distance,ma_samples,ma_count,maf,pval_nominal,slope,slope_se,pval_nominal_threshold,min_pval_nominal,pval_beta,chromosome,base_pair_location,effect_allele,other_allele,beta,standard_error,p_value
chr6_30774357_G_A_b38,ENSG00000137331.11,29803,120,131,0.0977612,0.000233822,-0.196284,0.0530243,0.000306186,9.48405e-23,1.16679e-16,6.0,30774357,A,G,0.2185,0.0128,2.804e-65
chr6_30783500_C_T_b38,ENSG00000137331.11,38946,358,437,0.326119,3.43674e-22,-0.318976,0.0316368,0.000306186,9.48405e-23,1.16679e-16,6.0,30783500,A,G,-0.1087,0.0171,2.222e-10
chr6_30810654_G_C_b38,ENSG00000137331.11,66100,204,220,0.164179,8.8594e-09,-0.255981,0.0438781,0.000306186,9.48405e-23,1.16679e-16,6.0,30810654,A,C,0.1561,0.0103,6.563e-52
chr6_30815517_G_A_b38,ENSG00000137331.11,70963,204,220,0.164179,8.8594e-09,-0.255981,0.0438781,0.000306186,9.48405e-23,1.16679e-16,6.0,30815517,G,GAC,-0.2621,0.0125,7.11e-98
chr6_31273155_C_A_b38,ENSG00000137331.11,528601,186,202,0.150746,8.57209e-05,-0.17962,0.0454174,0.000306186,9.48405e-23,1.16679e-16,6.0,31273155,T,C,-0.2478,0.016,1.987e-54
chr6_31308332_G_A_b38,ENSG00000137331.11,563778,191,232,0.173134,0.000109608,-0.150593,0.0386716,0.000306186,9.48405e-23,1.16679e-16,6.0,31308332,T,C,-0.7601,0.0119,0.0
chr6_31321100_T_C_b38,ENSG00000137331.11,576546,116,126,0.0940299,3.94288e-07,0.277402,0.0540881,0.000306186,9.48405e-23,1.16679e-16,6.0,31321100,T,C,-0.349,0.0586,2.518e-09
chr6_31347802_AC_A_b38,ENSG00000137331.11,603248,188,203,0.151493,8.1301e-05,-0.18019,0.0454127,0.000306186,9.48405e-23,1.16679e-16,6.0,31347802,T,C,0.2285,0.0202,1.095e-29
chr6_31348267_C_T_b38,ENSG00000137331.11,603713,125,134,0.1,1.88443e-06,0.25847,0.0537034,0.000306186,9.48405e-23,1.16679e-16,6.0,31348267,CT,C,0.0791,0.0115,6.101e-12
chr6_31440552_T_A_b38,ENSG00000137331.11,695998,117,127,0.0947761,6.07797e-06,0.246472,0.0539983,0.000306186,9.48405e-23,1.16679e-16,6.0,31440552,T,G,0.1174,0.0117,1.112e-23
