variant_id,gene_id,tss_distance,ma_samples,ma_count,maf,pval_nominal,slope,slope_se,pval_nominal_threshold,min_pval_nominal,pval_beta,chromosome,base_pair_location,effect_allele,other_allele,beta,standard_error,p_value
chr6_31320052_A_G_b38,ENSG00000204396.10,-457242,412,577,0.430597,0.00010002,-0.139885,0.0357137,0.000263546,1.41352e-07,0.00106685,6.0,31320052,A,G,0.7744,0.0126,0.0
chr6_31321587_C_G_b38,ENSG00000204396.10,-455707,399,482,0.359701,0.00023343,-0.155411,0.0419779,0.000263546,1.41352e-07,0.00106685,6.0,31321587,T,C,0.1798,0.0195,3.1010000000000005e-20
chr6_31321807_A_G_b38,ENSG00000204396.10,-455487,400,483,0.360448,0.000242311,-0.155115,0.0420081,0.000263546,1.41352e-07,0.00106685,6.0,31321807,A,G,0.1741,0.0147,2.727e-32
chr6_31321882_C_T_b38,ENSG00000204396.10,-455412,400,483,0.360448,0.000242311,-0.155115,0.0420081,0.000263546,1.41352e-07,0.00106685,6.0,31321882,A,G,-0.2708,0.015,4.584e-73
chr6_31321883_A_G_b38,ENSG00000204396.10,-455411,400,483,0.360448,0.000242311,-0.155115,0.0420081,0.000263546,1.41352e-07,0.00106685,6.0,31321883,A,G,0.3566,0.0142,1.49e-139
chr6_31322470_G_A_b38,ENSG00000204396.10,-454824,400,483,0.360448,0.000242311,-0.155115,0.0420081,0.000263546,1.41352e-07,0.00106685,6.0,31322470,C,G,-0.3751,0.0133,1.56e-175
chr6_31322688_T_C_b38,ENSG00000204396.10,-454606,400,483,0.360448,0.000242311,-0.155115,0.0420081,0.000263546,1.41352e-07,0.00106685,6.0,31322688,T,C,0.2016,0.0106,1.975e-80
chr6_31322690_A_G_b38,ENSG00000204396.10,-454604,400,483,0.360448,0.000242311,-0.155115,0.0420081,0.000263546,1.41352e-07,0.00106685,6.0,31322690,A,G,-1.2497,0.0196,0.0
chr6_31322762_G_C_b38,ENSG00000204396.10,-454532,400,483,0.360448,0.000242311,-0.155115,0.0420081,0.000263546,1.41352e-07,0.00106685,6.0,31322762,T,G,0.9683,0.0244,0.0
chr6_31348936_G_A_b38,ENSG00000204396.10,-428358,491,651,0.485821,5.87929e-07,-0.199626,0.0395324,0.000263546,1.41352e-07,0.00106685,6.0,31348936,A,G,-0.1281,0.0104,1.059e-34
chr6_31348987_A_G_b38,ENSG00000204396.10,-428307,440,555,0.414179,3.98046e-05,-0.167743,0.0405233,0.000263546,1.41352e-07,0.00106685,6.0,31348987,A,T,0.176,0.0223,2.942e-15
chr6_31352060_T_TGGA_b38,ENSG00000204396.10,-425234,353,421,0.314179,8.99085e-05,-0.168684,0.0427789,0.000263546,1.41352e-07,0.00106685,6.0,31352060,T,C,-0.3623,0.0125,6e-185
