variant_id,gene_id,maf,pval_nominal,slope,slope_se,beta_gwas,standard_error,p_value,chromosome,base_pair_location
chr6_31176860_G_A_b38,ENSG00000272501.1,0.345522,7.259680000000001e-30,-0.246307,0.0205341,0.2363,0.0116,1.26e-92,6,31176860
chr6_31215732_G_A_b38,ENSG00000272501.1,0.279851,2.96951e-05,0.0958083,0.0227676,0.0949,0.0117,5.057e-16,6,31215732
chr6_31227588_G_T_b38,ENSG00000272501.1,0.25597,0.000178455,-0.0917092,0.0243174,0.2845,0.0117,3.72e-131,6,31227588
chr6_31231989_G_A_b38,ENSG00000272501.1,0.388806,4.24784e-14,-0.15999,0.0206713,0.4936,0.0101,0.0,6,31231989
chr6_31237605_G_A_b38,ENSG00000272501.1,0.178358,1.5635900000000002e-18,-0.24516,0.0270023,0.5936,0.0108,0.0,6,31237605
chr6_31242439_C_T_b38,ENSG00000272501.1,0.404478,1.25163e-05,-0.0959483,0.0217806,-0.2355,0.0148,2.586e-57,6,31242439
chr6_31260633_T_C_b38,ENSG00000272501.1,0.34403,2.1741e-23,-0.205537,0.0197703,0.2176,0.0255,1.225e-17,6,31260633
chr6_31263911_T_C_b38,ENSG00000272501.1,0.195522,1.34029e-08,-0.145411,0.0252426,0.9525,0.0125,0.0,6,31263911
chr6_31265375_A_G_b38,ENSG00000272501.1,0.195522,1.34029e-08,-0.145411,0.0252426,-0.1815,0.0237,1.913e-14,6,31265375
chr6_31265752_T_C_b38,ENSG00000272501.1,0.195522,1.34029e-08,-0.145411,0.0252426,-0.9992,0.0127,0.0,6,31265752
chr6_31291191_G_A_b38,ENSG00000272501.1,0.335821,3.75232e-09,-0.131545,0.0219839,0.365,0.0114,3.84e-224,6,31291191
chr6_31302097_C_G_b38,ENSG00000272501.1,0.387313,2.66835e-16,-0.171793,0.0203904,-0.3749,0.0109,2.1299999999999998e-260,6,31302097
chr6_31380276_C_T_b38,ENSG00000272501.1,0.173881,1.34803e-05,-0.119855,0.0273106,0.4459,0.0375,1.491e-32,6,31380276
