variant_id,gene_id,tss_distance,ma_samples,ma_count,maf,pval_nominal,slope,slope_se,pval_nominal_threshold,min_pval_nominal,pval_beta,chromosome,base_pair_location,effect_allele,other_allele,beta,standard_error,p_value
chr6_31260633_T_C_b38,ENSG00000240053.8,-409534,375,461,0.34403,0.000152317,-0.0670327,0.0175864,0.000256005,5.186560000000001e-34,2.6716e-26,6.0,31260633,T,C,0.2176,0.0255,1.225e-17
chr6_31268539_G_T_b38,ENSG00000240053.8,-401628,323,385,0.287313,5.68779e-06,-0.0842525,0.0184005,0.000256005,5.186560000000001e-34,2.6716e-26,6.0,31268539,T,C,0.2987,0.0127,2.8000000000000002e-123
chr6_31268747_A_G_b38,ENSG00000240053.8,-401420,323,385,0.287313,7.89144e-06,-0.0831081,0.018438,0.000256005,5.186560000000001e-34,2.6716e-26,6.0,31268747,A,C,0.2523,0.016,5.3620000000000005e-56
chr6_31297713_T_C_b38,ENSG00000240053.8,-372454,267,306,0.228358,2.21041e-06,-0.0954376,0.0199672,0.000256005,5.186560000000001e-34,2.6716e-26,6.0,31297713,A,C,-0.3708,0.0142,1.26e-149
chr6_31321100_T_C_b38,ENSG00000240053.8,-349067,116,126,0.0940299,0.000178756,0.109457,0.0290268,0.000256005,5.186560000000001e-34,2.6716e-26,6.0,31321100,T,C,-0.349,0.0586,2.518e-09
chr6_31335970_G_T_b38,ENSG00000240053.8,-334197,366,438,0.326866,0.000183777,-0.0691062,0.0183606,0.000256005,5.186560000000001e-34,2.6716e-26,6.0,31335970,A,G,-0.289,0.0186,1.0989999999999999e-54
chr6_31348267_C_T_b38,ENSG00000240053.8,-321900,125,134,0.1,0.000233742,0.106466,0.0287601,0.000256005,5.186560000000001e-34,2.6716e-26,6.0,31348267,CT,C,0.0791,0.0115,6.101e-12
chr6_31440552_T_A_b38,ENSG00000240053.8,-229615,117,127,0.0947761,0.000154,0.109866,0.028845,0.000256005,5.186560000000001e-34,2.6716e-26,6.0,31440552,T,G,0.1174,0.0117,1.112e-23
chr6_32321987_C_T_b38,ENSG00000240053.8,651820,420,523,0.390299,2.62837e-05,-0.0772873,0.0182436,0.000256005,5.186560000000001e-34,2.6716e-26,6.0,32321987,A,G,-0.1719,0.0194,6.423e-19
chr6_32326240_T_C_b38,ENSG00000240053.8,656073,420,523,0.390299,2.62837e-05,-0.0772873,0.0182436,0.000256005,5.186560000000001e-34,2.6716e-26,6.0,32326240,A,G,0.2023,0.0101,5.1e-90
chr6_32330021_CTCTT_C_b38,ENSG00000240053.8,659854,420,524,0.391045,2.52553e-05,-0.0771634,0.0181748,0.000256005,5.186560000000001e-34,2.6716e-26,6.0,32330021,A,G,-0.118,0.0126,6.1160000000000004e-21
chr6_32361821_A_G_b38,ENSG00000240053.8,691654,170,182,0.135821,0.000189459,-0.0950972,0.0253186,0.000256005,5.186560000000001e-34,2.6716e-26,6.0,32361821,T,C,-0.1784,0.014,2.2289999999999998e-37
