variant_id,gene_id,tss_distance,ma_samples,ma_count,maf,pval_nominal,slope,slope_se,pval_nominal_threshold,min_pval_nominal,pval_beta,chromosome,base_pair_location,effect_allele,other_allele,beta,standard_error,p_value
chr6_31103604_G_C_b38,ENSG00000231852.6,-934661,390,463,0.345522,1.38359e-07,0.291785,0.054732,0.000194871,1.41874e-21,1.30103e-15,6.0,31103604,T,C,0.3844,0.0102,1.78e-311
chr6_31107338_G_T_b38,ENSG00000231852.6,-930927,502,645,0.481343,0.000127503,0.206193,0.0534677,0.000194871,1.41874e-21,1.30103e-15,6.0,31107338,C,G,0.2153,0.0142,6.795e-52
chr6_31215732_G_A_b38,ENSG00000231852.6,-822533,318,375,0.279851,8.91232e-05,0.217401,0.0551037,0.000194871,1.41874e-21,1.30103e-15,6.0,31215732,A,G,0.0949,0.0117,5.057e-16
chr6_31230498_AAGG_A_b38,ENSG00000231852.6,-807767,286,331,0.247015,1.16938e-05,0.253454,0.0573372,0.000194871,1.41874e-21,1.30103e-15,6.0,31230498,A,G,0.2835,0.0117,6.79e-129
chr6_31242083_T_C_b38,ENSG00000231852.6,-796182,439,553,0.412687,0.000189488,0.193738,0.0515812,0.000194871,1.41874e-21,1.30103e-15,6.0,31242083,C,G,-0.2225,0.0153,7.492e-48
chr6_31321100_T_C_b38,ENSG00000231852.6,-717165,116,126,0.0940299,1.66904e-13,0.617518,0.0818295,0.000194871,1.41874e-21,1.30103e-15,6.0,31321100,T,C,-0.349,0.0586,2.518e-09
chr6_31348267_C_T_b38,ENSG00000231852.6,-689998,125,134,0.1,4.68859e-14,0.624829,0.080875,0.000194871,1.41874e-21,1.30103e-15,6.0,31348267,CT,C,0.0791,0.0115,6.101e-12
chr6_31440552_T_A_b38,ENSG00000231852.6,-597713,117,127,0.0947761,6.71826e-14,0.623354,0.0812149,0.000194871,1.41874e-21,1.30103e-15,6.0,31440552,T,G,0.1174,0.0117,1.112e-23
chr6_31494202_C_T_b38,ENSG00000231852.6,-544063,494,627,0.46791,7.89183e-06,0.236716,0.052517,0.000194871,1.41874e-21,1.30103e-15,6.0,31494202,A,G,-0.5007,0.0137,1.67e-290
chr6_32200994_G_T_b38,ENSG00000231852.6,162729,138,146,0.108955,2.22225e-13,0.5885,0.0784096,0.000194871,1.41874e-21,1.30103e-15,6.0,32200994,A,G,0.4904,0.0852,8.667e-09
chr6_32270903_A_G_b38,ENSG00000231852.6,232638,271,311,0.23209,1.92198e-06,0.283926,0.0590427,0.000194871,1.41874e-21,1.30103e-15,6.0,32270903,A,G,-0.2948,0.0498,3.297e-09
chr6_32361821_A_G_b38,ENSG00000231852.6,323556,170,182,0.135821,0.00017369,0.278859,0.0738065,0.000194871,1.41874e-21,1.30103e-15,6.0,32361821,T,C,-0.1784,0.014,2.2289999999999998e-37
