variant_id,gene_id,maf,pval_nominal,slope,slope_se,beta_gwas,standard_error,p_value,chromosome,base_pair_location
chr6_30842386_C_T_b38,ENSG00000214894.6,0.0522388,0.000135116,-0.297216,0.0773629,-0.1399,0.01,1.909e-44,6,30842386
chr6_31260633_T_C_b38,ENSG00000214894.6,0.34403,2.48477e-05,-0.150674,0.0354577,0.2176,0.0255,1.225e-17,6,31260633
chr6_31302097_C_G_b38,ENSG00000214894.6,0.387313,0.00014583,-0.136462,0.0356985,-0.3749,0.0109,2.1299999999999998e-260,6,31302097
chr6_31321100_T_C_b38,ENSG00000214894.6,0.0940299,9.991190000000001e-18,0.494138,0.0558513,-0.349,0.0586,2.518e-09,6,31321100
chr6_31321807_A_G_b38,ENSG00000214894.6,0.360448,1.33999e-05,0.161383,0.0367622,0.1741,0.0147,2.727e-32,6,31321807
chr6_31321883_A_G_b38,ENSG00000214894.6,0.360448,1.33999e-05,0.161383,0.0367622,0.3566,0.0142,1.49e-139,6,31321883
chr6_31322688_T_C_b38,ENSG00000214894.6,0.360448,1.33999e-05,0.161383,0.0367622,0.2016,0.0106,1.975e-80,6,31322688
chr6_31322690_A_G_b38,ENSG00000214894.6,0.360448,1.33999e-05,0.161383,0.0367622,-1.2497,0.0196,0.0,6,31322690
chr6_31338303_C_T_b38,ENSG00000214894.6,0.45,6.68474e-05,-0.144011,0.0358638,0.0919,0.01,5.548e-20,6,31338303
chr6_31339380_T_C_b38,ENSG00000214894.6,0.445522,5.3403e-05,-0.147446,0.0362313,-0.2596,0.0118,1.7e-107,6,31339380
chr6_31348936_G_A_b38,ENSG00000214894.6,0.485821,0.000105005,0.136834,0.0350425,-0.1281,0.0104,1.059e-34,6,31348936
