variant_id,gene_id,maf,pval_nominal,slope,slope_se,beta_gwas,standard_error,p_value,chromosome,base_pair_location
chr6_31215732_G_A_b38,ENSG00000204536.13,0.279851,2.30299e-15,0.229033,0.0281393,0.0949,0.0117,5.057e-16,6,31215732
chr6_31219805_A_G_b38,ENSG00000204536.13,0.114925,9.26115e-08,-0.232852,0.0430645,0.2802,0.0095,2.97e-191,6,31219805
chr6_31227588_G_T_b38,ENSG00000204536.13,0.25597,3.70026e-11,0.205257,0.030449,0.2845,0.0117,3.72e-131,6,31227588
chr6_31260633_T_C_b38,ENSG00000204536.13,0.34403,1.71431e-11,-0.182117,0.0265463,0.2176,0.0255,1.225e-17,6,31260633
chr6_31320052_A_G_b38,ENSG00000204536.13,0.430597,6.05272e-09,0.139726,0.0236795,0.7744,0.0126,0.0,6,31320052
chr6_31321100_T_C_b38,ENSG00000204536.13,0.0940299,1.81092e-17,0.375676,0.0428263,-0.349,0.0586,2.518e-09,6,31321100
chr6_31321807_A_G_b38,ENSG00000204536.13,0.360448,2.90753e-08,0.156748,0.0278852,0.1741,0.0147,2.727e-32,6,31321807
chr6_31321883_A_G_b38,ENSG00000204536.13,0.360448,2.90753e-08,0.156748,0.0278852,0.3566,0.0142,1.49e-139,6,31321883
chr6_31322688_T_C_b38,ENSG00000204536.13,0.360448,2.90753e-08,0.156748,0.0278852,0.2016,0.0106,1.975e-80,6,31322688
chr6_31322690_A_G_b38,ENSG00000204536.13,0.360448,2.90753e-08,0.156748,0.0278852,-1.2497,0.0196,0.0,6,31322690
chr6_31323296_G_A_b38,ENSG00000204536.13,0.34403,3.40332e-07,0.145825,0.028274,-0.3757,0.0133,8.25e-176,6,31323296
chr6_31332915_T_C_b38,ENSG00000204536.13,0.34403,3.40332e-07,0.145825,0.028274,-0.2061,0.0135,1.991e-52,6,31332915
chr6_31333191_C_T_b38,ENSG00000204536.13,0.345522,4.48314e-07,0.1433,0.0280792,-0.169,0.0102,8.802e-62,6,31333191
chr6_31347144_A_G_b38,ENSG00000204536.13,0.296269,4.22097e-07,0.151543,0.0296254,-0.0747,0.0112,2.857e-11,6,31347144
chr6_31348936_G_A_b38,ENSG00000204536.13,0.485821,0.000160006,0.102051,0.0268618,-0.1281,0.0104,1.059e-34,6,31348936
