variant_id,gene_id,tss_distance,ma_samples,ma_count,maf,pval_nominal,slope,slope_se,pval_nominal_threshold,min_pval_nominal,pval_beta,chromosome,base_pair_location,tissue,effect_allele,other_allele,beta,standard_error,p_value
chr6_30385011_C_A_b38,ENSG00000204574.12,-186365,375,491,0.474855,9.79962e-06,0.0867817,0.0194017,0.000322655,1.2489499999999999e-21,2.60437e-15,6.0,30385011,Skin_Not_Sun_Exposed_Suprapubic,T,C,-0.0953,0.0134,1.121e-12
chr6_30394671_G_C_b38,ENSG00000204574.12,-176705,372,487,0.470986,1.75007e-05,0.0840304,0.019354,0.000322655,1.2489499999999999e-21,2.60437e-15,6.0,30394671,Skin_Not_Sun_Exposed_Suprapubic,A,G,-0.2038,0.0253,8.686e-16
chr6_30774357_G_A_b38,ENSG00000204574.12,202981,105,113,0.109284,0.000285911,0.109951,0.0300685,0.000322655,1.2489499999999999e-21,2.60437e-15,6.0,30774357,Skin_Not_Sun_Exposed_Suprapubic,A,G,0.2185,0.0128,2.804e-65
chr6_31070271_A_G_b38,ENSG00000204574.12,498895,136,144,0.139265,0.000135243,0.111991,0.029087,0.000322655,1.2489499999999999e-21,2.60437e-15,6.0,31070271,Skin_Not_Sun_Exposed_Suprapubic,G,GTC,-0.1726,0.0102,2.3700000000000003e-64
chr6_31103604_G_C_b38,ENSG00000204574.12,532228,298,362,0.350097,0.000178711,0.0758347,0.0200668,0.000322655,1.2489499999999999e-21,2.60437e-15,6.0,31103604,Skin_Not_Sun_Exposed_Suprapubic,T,C,0.3844,0.0102,1.78e-311
chr6_31215732_G_A_b38,ENSG00000204574.12,644356,246,280,0.270793,0.000295635,0.0790181,0.0216617,0.000322655,1.2489499999999999e-21,2.60437e-15,6.0,31215732,Skin_Not_Sun_Exposed_Suprapubic,A,G,0.0949,0.0117,5.057e-16
chr6_31236231_G_A_b38,ENSG00000204574.12,664855,174,189,0.182785,0.000152484,-0.0948059,0.02482,0.000322655,1.2489499999999999e-21,2.60437e-15,6.0,31236231,Skin_Not_Sun_Exposed_Suprapubic,T,G,-0.2353,0.0148,1.277e-56
chr6_31237605_G_A_b38,ENSG00000204574.12,666229,174,189,0.182785,0.000152484,-0.0948059,0.02482,0.000322655,1.2489499999999999e-21,2.60437e-15,6.0,31237605,Skin_Not_Sun_Exposed_Suprapubic,A,G,0.5936,0.0108,0.0
chr6_31353033_A_G_b38,ENSG00000204574.12,781657,182,206,0.199226,2.45211e-06,0.111897,0.0234392,0.000322655,1.2489499999999999e-21,2.60437e-15,6.0,31353033,Skin_Not_Sun_Exposed_Suprapubic,T,C,-0.1225,0.0195,3.385e-10
chr6_31356598_G_T_b38,ENSG00000204574.12,785222,62,67,0.0647969,8.84228e-05,-0.14782,0.037361,0.000322655,1.2489499999999999e-21,2.60437e-15,6.0,31356598,Skin_Not_Sun_Exposed_Suprapubic,T,C,-0.2714,0.0136,9.974e-89
