variant_id,gene_id,tss_distance,ma_samples,ma_count,maf,pval_nominal,slope,slope_se,pval_nominal_threshold,min_pval_nominal,pval_beta,chromosome,base_pair_location,effect_allele,other_allele,beta,standard_error,p_value
chr6_30385011_C_A_b38,ENSG00000230795.3,457833,478,618,0.461194,0.000215441,0.190758,0.0512382,0.000379482,8.90327e-21,5.71158e-15,6.0,30385011,T,C,-0.0953,0.0134,1.121e-12
chr6_30394671_G_C_b38,ENSG00000230795.3,467493,475,614,0.458209,0.000197968,0.191194,0.0510564,0.000379482,8.90327e-21,5.71158e-15,6.0,30394671,A,G,-0.2038,0.0253,8.686e-16
chr6_30410824_A_C_b38,ENSG00000230795.3,483646,211,233,0.173881,7.80288e-05,0.252636,0.0635103,0.000379482,8.90327e-21,5.71158e-15,6.0,30410824,T,C,-0.0954,0.0134,1.049e-12
chr6_30412504_T_C_b38,ENSG00000230795.3,485326,211,233,0.173881,7.80288e-05,0.252636,0.0635103,0.000379482,8.90327e-21,5.71158e-15,6.0,30412504,T,C,-0.0955,0.0134,9.888e-13
chr6_30417689_A_G_b38,ENSG00000230795.3,490511,208,230,0.171642,0.000135438,0.244722,0.063709,0.000379482,8.90327e-21,5.71158e-15,6.0,30417689,T,C,-0.0823,0.0099,1.128e-16
chr6_30424200_C_T_b38,ENSG00000230795.3,497022,208,230,0.171642,0.000135438,0.244722,0.063709,0.000379482,8.90327e-21,5.71158e-15,6.0,30424200,C,G,-0.0825,0.0099,8.963e-17
chr6_30430482_A_G_b38,ENSG00000230795.3,503304,208,231,0.172388,0.000161654,0.241034,0.063488,0.000379482,8.90327e-21,5.71158e-15,6.0,30430482,C,G,0.2784,0.0142,8.759e-86
chr6_30783500_C_T_b38,ENSG00000230795.3,856322,358,437,0.326119,3.78391e-13,0.366863,0.0493833,0.000379482,8.90327e-21,5.71158e-15,6.0,30783500,A,G,-0.1087,0.0171,2.222e-10
chr6_30810654_G_C_b38,ENSG00000230795.3,883476,204,220,0.164179,7.24957e-08,0.362129,0.0664102,0.000379482,8.90327e-21,5.71158e-15,6.0,30810654,A,C,0.1561,0.0103,6.563e-52
chr6_30815517_G_A_b38,ENSG00000230795.3,888339,204,220,0.164179,7.24957e-08,0.362129,0.0664102,0.000379482,8.90327e-21,5.71158e-15,6.0,30815517,G,GAC,-0.2621,0.0125,7.11e-98
