variant_id,gene_id,maf,pval_nominal,slope,slope_se,beta_gwas,standard_error,p_value,chromosome,base_pair_location
chr6_31215732_G_A_b38,ENSG00000224389.8,0.279851,1.05459e-10,0.358618,0.0545373,0.0949,0.0117,5.057e-16,6,31215732
chr6_31227588_G_T_b38,ENSG00000224389.8,0.25597,5.45093e-05,0.241157,0.0593303,0.2845,0.0117,3.72e-131,6,31227588
chr6_31260633_T_C_b38,ENSG00000224389.8,0.34403,0.000156324,-0.197393,0.0518768,0.2176,0.0255,1.225e-17,6,31260633
chr6_31302097_C_G_b38,ENSG00000224389.8,0.387313,9.65813e-05,-0.204298,0.0520439,-0.3749,0.0109,2.1299999999999998e-260,6,31302097
chr6_31320052_A_G_b38,ENSG00000224389.8,0.430597,1.21455e-06,0.223014,0.045482,0.7744,0.0126,0.0,6,31320052
chr6_31321100_T_C_b38,ENSG00000224389.8,0.0940299,2.0284300000000001e-26,0.879933,0.0788294,-0.349,0.0586,2.518e-09,6,31321100
chr6_31321807_A_G_b38,ENSG00000224389.8,0.360448,4.40868e-07,0.272377,0.0533369,0.1741,0.0147,2.727e-32,6,31321807
chr6_31321883_A_G_b38,ENSG00000224389.8,0.360448,4.40868e-07,0.272377,0.0533369,0.3566,0.0142,1.49e-139,6,31321883
chr6_31322688_T_C_b38,ENSG00000224389.8,0.360448,4.40868e-07,0.272377,0.0533369,0.2016,0.0106,1.975e-80,6,31322688
chr6_31322690_A_G_b38,ENSG00000224389.8,0.360448,4.40868e-07,0.272377,0.0533369,-1.2497,0.0196,0.0,6,31322690
chr6_31323296_G_A_b38,ENSG00000224389.8,0.34403,0.000135032,0.208851,0.0543599,-0.3757,0.0133,8.25e-176,6,31323296
chr6_31332915_T_C_b38,ENSG00000224389.8,0.34403,0.000135032,0.208851,0.0543599,-0.2061,0.0135,1.991e-52,6,31332915
chr6_31333191_C_T_b38,ENSG00000224389.8,0.345522,0.000167476,0.20445,0.0539797,-0.169,0.0102,8.802e-62,6,31333191
chr6_31348936_G_A_b38,ENSG00000224389.8,0.485821,0.000120654,0.197892,0.0511318,-0.1281,0.0104,1.059e-34,6,31348936
chr6_32270903_A_G_b38,ENSG00000224389.8,0.23209,1.56824e-10,0.383117,0.0588316,-0.2948,0.0498,3.297e-09,6,32270903
